ID,Headword,FirstAttestationDate,FirstAttestationExampleMD,VariantSpellings,Etymology,WClass,Credits
1,antera,1782,"SAMPAYO, Francisco Antonio de. Historia dos reinos vegetal, animal, e mineral do Brasil, pertencentes á medicina. t. 1, 1782; t. 2, 1789. [informado pelo Dicionário Houaiss]<br>(1788): “131. <i>Anthera, seu apices, seu Capitula, seu testicula</i>. <i>fig</i>. 143. <i>e</i>. 149. <i>f. g. fig</i>. 150. <i>b</i>. He a parte da flor prenhe do <i>pollen</i>, ou esperma (132), que vem lançando fora, quando a <i>anthera</i> está madura. Nos <i>musgos</i> o seu capitulo he a <i>anthera</i>.” (Extraído de: Diccionario dos termos technicos de Historia Natural, 1788, p. 265)",anthera (Vandelli),"O étimo é o latim científico <i>anthera</i>, já atestado no século XVIII, como mostra o dicionário de Vandelli. Segundo o Dicionário Houaiss, o termo foi criado a partir do grego <i>antherós,á,ón</i>, que significa ""florido"".",substantivo feminino,Bruno Maroneze
2,bífido,1788,"“Cada flor contém cinco <i>estames</i> desunidos, que cahem depois de fecundado o <i>germe</i>, o qual está posto debaixo da <i>corolla</i>: o <i>pistillo</i> he <i>bifido</i>, as sementes saõ duas, unidas entre si pela summidade.” (Extraído de: Diccionario dos termos technicos de Historia Natural, 1788, p. 284).</i>",bifido (Vandelli),"O étimo é certamente o latim <i>bifidus</i>, registrado no dicionário de Gaffiot e no Oxford Latin Dictionary com a acepção de “dividido em duas partes”. Trata-se de palavra erudita, visto que não sofreu as transformações fonéticas esperadas para uma palavra herdada. O emprego do termo latino <i>bifidus</i> na Botânica data do século XVIII e é, provavelmente, o étimo mais imediato da palavra portuguesa. O dicionário Houaiss apresenta a datação de 1827, de uma obra com a sigla PL, mas que não consta nas fontes de datação apresentadas.",adjetivo,Bruno Maroneze
3,bráctea,1788,"“<i>Bracteatum.</i> He a folha floral distincta das outras pela sua côr, e figura. Esta deve observar-se em quanto ao numero, côr, duraçaõ e outros mais attributos, em que pode desferir, vg. quando a <i>bractea</i> pela sua grandeza termina o caule exprimem-se os Botanicos pelo termo de <i>folium connatum</i>, e naõ <i>bracteatum.</i>” (Extraído de: Diccionario dos termos technicos de Historia Natural, 1788, p. 225)",bractea (Vandelli),"O étimo é o latim científico <i>bractea</i>, já com o sentido usual da Botânica. No latim da Antiguidade, conforme informa o dicionário de Gaffiot, a palavra designava ""folha de metal, de ouro"".",substantivo feminino,Bruno Maroneze
4,bulbo,1739,"“Note-se, que todos os rectos principiaõ do buraco regular, que està no fundo do buraco da Orbita, e acabaõ no bulbo do olho.” (Extraído de: Anatomia do corpo humano, 1739, p. 337)",NA,"Conforme informa o Dicionário Houaiss, o étimo é o latim <i>bulbus,i</i>, que significa ""cebola, bulbo, tubérculo, raiz carnuda"", e é cognato do grego <i>bolbós,oû</i>, que significa ""cebola"". A forma latina já era empregada na Botânica no século XVIII, como atesta o dicionário de Vandelli. O Dicionário Houaiss também inclui o verbete <i>bolbo</i>, sem data, informando que seria a forma vulgar da palavra.<br>A atestação na ""Anatomia do corpo humano"" de Santucci antecede em algumas décadas a datação na Botânica, o que pode indicar que há uma datação ainda mais antiga na Botânica, ainda a ser encontrada.<br>No índice alfabético do dicionário de Vandelli, encontram-se as expressões latinas “Caulinus bulbus”, “Solitus bulbus”, “Squamatus bulbus” e “Tunicatus bulbus”, todas remetendo para o verbete de número 166; no entanto, esse verbete não existe, visto que o último é o de número 164. Assim, supõe-se que o autor previu a inclusão de um verbete para “bulbus”, mas não o incluiu.",substantivo masculino,Bruno Maroneze
5,bulboso,1788,"“<i>Bulbosa</i>. O Bulbo, quando a raiz he mais grossa, que o tronco. <i>fig</i>. 125; e a raiz bulbosa he de huma substancia mais molle, succosa; ou esta he <i>tunicata</i>.” (Extraído de: Diccionario dos termos technicos de Historia Natural, 1788, p. 196)<br>(1836): CONSTÂNCIO, Francisco Solano. Novo diccionario critico e etymologico da lingua portugueza. Paris: [s.n.], 1836. [informado pelo Dicionário Houaiss]",NA,"É possível considerar o termo como tendo se formado por derivação sufixal a partir de “bulbo”, bem como também considerar um empréstimo direto do latim <i>bulbosus,a,um</i>, já empregado no latim científico, conforme atesta o dicionário de Vandelli.",adjetivo,Bruno Maroneze
6,cálice,1788,"“5. <i>Segregata</i>. Hum caliz commum contem muitos <i>calizes</i> com as suas flores.” (Vandelli, 1788, p. 192)<br>“O caliz pela duraçaõ he [...] <i>Geminus.</i> Quando saõ dous calices.” (Vandelli, 1788, p. 249)","caliz (Vandelli), calices (plural - Vandelli), calizes (plural - Vandelli)","O étimo é o latim <i>calyx, -ycis</i>, atestado já na Antiguidade (cf. Oxford Latin Dictionary), por sua vez originário do grego <i>káluks, -ukos</i>, com o sentido de “envoltório de um fruto”. Desde a Antiguidade essa forma é confundida com <i>calix, -icis</i> “espécie de recipiente” (cf. Oxford Latin Dictionary). O termo foi difundido no latim científico e pode ser encontrado no século XVIII, com ambas as grafias <i>calix</i> e <i>calyx</i> (cf. a própria obra de Vandelli, 1788, p. 249). O Dicionário Houaiss informa como primeira atestação da forma com C (<i>calice</i>) o dicionário de Domingos Vieira (1873), mas essa forma no plural (<i>calices</i>) já está presente no dicionário de Vandelli (1788).",substantivo masculino,Bruno Maroneze
7,capréolo,1788,"“<i>Scandens.</i> Caule que sobe pelos corpos vizinhos sustentado pelos seus <i>capreolos,</i> ou Elos. <i>Clematis vitalba. Vitis.</i>” (Extraído de: Diccionario dos termos technicos de Historia Natural, 1788, p. 201)",capreolo (Vandelli),"O étimo é o latim científico <i>capreolus</i>, sinônimo de “cirro”, conforme define o próprio Vandelli: “<i>Capreoli, carbiculae, viticuli:</i> O mesmo, que os <i>cirrhos.</i> Ou he <i>o cirro.</i>” (Diccionario dos termos technicos de Historia Natural, 1788, p. 236). O dicionário de Gaffiot afirma que a palavra já tinha o sentido de ""gavinha da videira"" no latim da Antiguidade, embora também pudesse significar ""cabrito"".<br>O Dicionário Houaiss não inclui esse verbete em sua nomenclatura. O Dicionário Aulete inclui apenas com a acepção de ""espécie de cabra"". É possível que a acepção da Botânica esteja em desuso no português contemporâneo.",substantivo masculino,Bruno Maroneze
8,cartilagíneo,1788,"“<i>Cartilagineum, fig. 34.</i> Sendo a margem cartilaginea, differente da substancia do <i>disco,</i> ou da superficie, <i>Sedum.</i>” (Extraído de: Diccionario dos termos technicos de Historia Natural, 1788, p. 221)",cartilaginea (fem.) (Vandelli),"O étimo é o latim científico <i>cartilagineus,a,um</i>, com a mesma acepção, conforme mostra o próprio dicionário de Vandelli. Esse termo já era empregado no latim clássico (e está registrado no dicionário de Gaffiot, por exemplo), mas a palavra portuguesa é claramente um empréstimo, e não uma palavra herdada.<br>O Dicionário Houaiss não indica nenhuma rubrica referente à Botânica, mas a acepção de número 3 traz como exemplo a expressão “órgãos vegetais cartilagíneos”, indicando o emprego desse termo em referência a estruturas vegetais.",adjetivo,Bruno Maroneze
9,coarctado,1665,"ACADEMIA DOS SINGULARES DE LISBOA. Lisboa, 1665. [informado pelo Dicionário Houaiss]<br>(1788): “<i>Divaricatus.</i> Opposto ao coarctado, ou apertado, quando o tronco lança muitos caules perto da terra sendo muito distantes entre si, e formando com o tronco hum angulo obtuzo.” (Extraído de: Diccionario dos termos technicos de Historia Natural, 1788, p. 206)",NA,"Conforme informa o Dicionário Houaiss, o étimo é o latim <i>coarctatus,a,um</i>, particípio passado de <i>coarctare</i>, que significa ""apertar, estreitar"". Já era empregado na acepção da Botânica no latim do século XVIII, conforme atestado na própria obra de Vandelli. O Dicionário Houaiss não inclui nenhuma rubrica referente à Botânica; a datação informada é possivelmente para outra acepção.",adjetivo,Bruno Maroneze
10,conivente,1788,"“<i>Panduriforme.</i> He huma folha oblonga (39); mais larga superiormente, com o apice, e a base elevada; o apice alguma cousa connivente, e inferiormente mais larga, e nos lados apertada. <i>Ramex pulcher.</i>” (Extraído de: Diccionario dos termos technicos de Historia Natural, 1788, p. 217)<br>(1836): CONSTÂNCIO, Francisco Solano. Novo diccionario critico e etymologico da lingua portugueza. Paris: [s.n.], 1836. [informado pelo Dicionário Houaiss]",connivente (Vandelli),"O étimo é o latim <i>connivens,entis</i>, particípio presente de <i>connivere</i>, que, no latim da Antiguidade, significava “fechar, piscar os olhos”; o Oxford Latin Dictionary afirma que o sentido desse verbo também podia se estender para outras partes do corpo e outros objetos que se tocam. O termo latino já passa a ser empregado na Botânica no século XVIII, como atesta o próprio dicionário de Vandelli; seu sentido é provavelmente derivado dessa ideia de objetos que se tocam, como as pálpebras que fecham os olhos.O Dicionário Houaiss informa a data de 1836, possivelmente para a acepção da língua geral (“condescendente, complacente”); e a acepção da Botânica é datada de 1858, mas sem indicação da fonte. Se a data de 1836 estiver correta, é possível que a acepção da Botânica tenha sido a primeira na língua, para apenas posteriormente surgir a acepção geral.",adjetivo,Bruno Maroneze
11,cotilédone,1788,"BROTERO, Félix de Avelar. Compêndio de botânica. Paris, 1788. [informado pelo Dicionário Houaiss]<br>(1788): “<i>Cotyledon s</i>: <i>Placenta</i>. He hum corpo, ou folha grossa no lado da Semente, que absorve a agua, que cahe, serve para nutrir no principio a planta.<i>Monocotyledon</i>. Hum só <i>cotyledon</i>. As antas bulbosas. <i>Allium</i>. <i>Cepa</i>.<br><i>Dicotyledon</i>. Dous, quasi todas as sementes. <i>Phaseolus</i>, <i>Pisum</i>. <i>Melo</i>.<br><i>Polycotyledon</i>. Com muitos <i>cotyledones</i>; saõ poucas plantas; des, <i>Pinus</i>. cinco <i>Cupressus</i>. quatro <i>Linum</i>.” (Extraído de: Diccionario dos termos technicos de Historia Natural, 1788, p. 278)","cotyledon, cotyledones (pl.) (Vandelli)","O étimo é o latim científico <i>cotyledon,onis</i>, empregado, segundo o Dicionário Houaiss, por Lineu em 1751 já com o significado de ""elemento seminal que nutre a planta"". Ainda segundo o Dicionário Houaiss, a palavra latina seria a adaptação do grego </i>kotuledón,ónos</i>, que significa ""cavidade"".",substantivo masculino,Bruno Maroneze
12,crena,1788,"BROTERO, Félix de Avelar. Compêndio de botânica. Paris, 1788. [informado pelo Dicionário Houaiss]<br>(1788): “<i>\_ a.) Integerrimum fig. 42.</i> Folha destituida de incizuras, ou <i>crenas</i>, isto he quando a margem da folha he <i>linear</i>, e de nenhuma sorte excavada. <i>Lonicera xylosteum.</i> [...]<i>Crenae.<i> Saõ incisuras perpendiculares na margem da folha, e obtusas; e sendo obliquas, e agudas se chama <i>folium serratum.</i>” (Extraído de: Diccionario dos termos technicos de Historia Natural, 1788, p. 219)",NA,"O étimo é o latim científico <i>crena,ae</i>, com o mesmo significado, conforme se observa na própria obra de Vandelli. O Dicionário Houaiss afirma que a palavra era empregada no latim tardio com o sentido de “entalhe, fenda”.",substantivo feminino,Bruno Maroneze
13,cutícula,1601,"CRUZ, António da. Recopilação da cirurgia. 1601. [informado pelo Dicionário Houaiss]<br>(1788): “A raiz he vestida ou cercada de cuticula, ou epiderme compacta, e muitas vezes transparente. Debaixo desta pellicula delgada, ou epiderme, está a casca <i>cortex,</i> debaixo desta está o <i>lignum,</i> ou paó, e no meio a <i>medulla</i> carnoza, ou de substancia rija como o paó.” (Extraído de: Diccionario dos termos technicos de Historia Natural, 1788, p. 193)",cuticula (Vandelli),"O étimo é o latim <i>cuticula,ae</i>, diminutivo de <i>cutis,i</i>, que significa ""pele"". A atestação informada pelo Dicionário Houaiss é possivelmente para uma acepção fora da Botânica. A ocorrência em Vandelli talvez seja a primeira atestação no âmbito da Botânica.",substantivo feminino,Bruno Maroneze
14,deflexo,1788,"“<i>Deflexis.</i> Encurvados, formando hum arco da parte inferior do tronco. [...]<i>Fulcratis.</i> Sendo taõ deflexos, que chegaõ a tocar a terra, e a raiz da mesma planta. <i>Ficus. Gallium sylvaticum.</i>” (Extraído de: Diccionario dos termos technicos de Historia Natural, 1788, p. 208)",NA,"Conforme explica o Dicionário Houaiss, o étimo é o adjetivo latino <i>deflexus,a,um</i>, que significa ""voltado para dentro"", particípio passado do verbo <i>deflectere</i>. O seu emprego no latim científico é atestado na própria obra de Vandelli, o que evidencia que se trata de um empréstimo, e não de palavra herdada.",adjetivo,Bruno Maroneze
15,disco,sXVI,"CUNHA, Antônio Geraldo da. Dicionário etimológico Nova Fronteira da língua portuguesa. Rio de Janeiro, 1982. 2. ed., 1986. [informado pelo Dicionário Houaiss]<br>(1788): “<i>Compositus, radiatus flos</i>. A flor composta radiada consta de <i>disco</i> e <i>raio</i>.<br><i>Radius</i>. O raio he formado de pequenas <i>corollas</i> irregulares postas na circunferencia.<br><i>Discus</i>. A superficie, ou centro da flor, consta de pequenas <i>corollas</i> quasi sempre regulares: na fior composta he a parte do meio, que acaba, ou que vem cercada com a margem do caliz.” (Extraído de: Diccionario dos termos technicos de Historia Natural, 1788, p. 283)",NA,"Conforme informa o Dicionário Houaiss, o étimo é o latim <i>discus,i</i>, adaptação do grego <i>dískos,ou</i>, que significa ""peso, prato, objeto de lançamento em exercícios de força"". Conforme se observa na obra de Vandelli, o termo latino já era empregado no latim científico no âmbito da Botânica. Porém, nem todos os empregos do termo na obra de Vandelli parecem se referir às acepções descritas pelo Dicionário Houaiss. Ainda é necessário verificar detalhadamente essas acepções com especialistas.",substantivo masculino,Bruno Maroneze
16,epiderme,1788,"“A raiz he vestida ou cercada de cuticula, ou epiderme compacta, e muitas vezes transparente. Debaixo desta pellicula delgada, ou epiderme, está a casca <i>cortex,</i> debaixo desta está o <i>lignum,</i> ou paó, e no meio a <i>medulla</i> carnoza, ou de substancia rija como o paó.” (Extraído de: Diccionario dos termos technicos de Historia Natural, 1788, p. 193)",NA,"Conforme informa o Dicionário Houaiss, o étimo é o latim <i>epidermis, -is</i>, com o sentido de “epiderme dos animais”, por sua vez originário do grego <i>epidermís, -ídos</i>. Segundo o dicionário de Gaffiot, a palavra latina é atestada na “Ars Veterinaria sive Mulomedicina” de Vegécio (séculos IV-V d.C.). A forma portuguesa não é herdada e sua primeira atestação com essa acepção, de acordo com o Dicionário Houaiss, é a obra “Recopilação da Cirurgia”, de António da Cruz (1601), sob a forma variante <i>epiderma</i>. Seu emprego na Botânica parece ter sido introduzido, em português, pela obra de Vandelli (1788).",substantivo feminino,Bruno Maroneze
17,escamoso,1588,"BRANDÃO, Luís Pereira. Elegíada, poema heróico de 18 cantos, a Guerra, a Perda e Morte de El-Rei D. Sebastião. 1588. [informado pelo Dicionário Houaiss]<br>(1788): “- <i>Squamosa</i>. Chama-se [raiz] escamosa sendo cuberta de escamas.” (Extraído de: Diccionario dos termos technicos de Historia Natural, 1788, p. 195)",NA,"Conforme informa o Dicionário Houaiss, o étimo é o latim <i>squamosus, -a, -um</i> no sentido de “coberto de escamas”, já empregado no latim científico do século XVIII, como atesta a própria citação de Vandelli. O emprego na Botânica foi possivelmente introduzido na língua portuguesa por Vandelli.",adjetivo,Bruno Maroneze
18,estame,1524-1585,"VASCONCELOS, Jorge Ferreira de. Comédia Ulíssipo. [a1581]. Segunda impressão apurada e correta de alguns erros da primeira. Lisboa, 1618. [informado pelo Dicionário Houaiss]<br>(1788): “<i>MONOCLINIA</>. [...] As Flores todas saõ hermaphroditas, e os estames com os pistillos estaõ na mesma flor.” (Extraído de: Diccionario dos termos technicos de Historia Natural, 1788, p. 189)",NA,"Como informa o Dicionário Houaiss, o étimo é o latim <i>stamen, -inis</i> no sentido de “fio da roca”. A datação informada pelo dicionário Houaiss é provavelmente referente à acepção de “fio de tecer”. O emprego do latim <i>stamen</i> na Botânica já ocorre no século XVIII e influenciou a acepção no português.",substantivo masculino,Bruno Maroneze
19,estigma,1783,"Anais da Biblioteca Nacional do Rio de Janeiro, v. 96, p. 133d [informado pelo Dicionário Houaiss]<br>(1788): “137. <i>Stigma</i>. <i>fig.</i> 143. <i>c</i>. 149. <i>d</i>. 152. <i>c</i>. He a summidade, ou apice do <i>pistillo</i>, humida pelo humor, que serve para romper as particulas do pó, ou <i>pollen</i>, do qual sahe a aura seminal, ou fecundante.O <i>estigma</i> corresponde aos genitaes das mulheres.” (Extraído de: Diccionario dos termos technicos de Historia Natural, 1788, p. 270)",NA,"o étimo é o latim <i>stigma, atis</i>, conforme informa o Dicionário Houaiss, que já era empregado, no latim científico do século XVIII, com o sentido que tem na Botânica. A data informada pelo Dicionário Houaiss é possivelmente para outra acepção da mesma palavra.",substantivo masculino,Bruno Maroneze
20,estípula,1783,"ANAIS da Biblioteca Nacional do Rio de Janeiro. [Rio de Janeiro], 1876. [informado pelo Dicionário Houaiss]<br>(1788): “68. <i>Stipulae fig.</i> 118. <i>b</i>. Saõ humas escamas, que nascem nas bases dos <i>peciolos,</i> ou <i>pedunculos</i> em hum, e outro lado. <i>Papilionaceae. Rosa.</i>[...]69. <i>b.) Laterales.<i/> As <i>estipulas</i> nascem nos lados do <i>peciolo</i>, ou <i>pedunculo.</i>” (Extraído de: Diccionario dos termos technicos de Historia Natural, 1788, p. 234-5)",estipula (Vandelli),"O étimo é o latim <i>stipula</i>, cujo sentido original de ""haste dos cereais"" remonta à Antiguidade; o seu emprego científico como termo da Botânica já ocorre no latim científico do século XVIII, como atesta a própria obra de Vandelli.",substantivo feminino,Bruno Maroneze
21,fibroso,1751,"MarqJFP (João Feliciano Marques Pereira?) [informado pelo Dicionário Houaiss]<br>(1788): “<i>Fibrosa</i>. <i>fig</i>. 130. <i>b</i>. A qual consta sómente de pequenas raizes fibrosas, ou filamentos; como nas Gramas, Malva &c.” (Extraído de: Diccionario dos termos technicos de Historia Natural, 1788, p. 194)",NA,"O Dicionário Houaiss sugere que se trata de uma derivação sufixal (<i>fibra</i> + <i>-oso</i>); no entanto, a ocorrência de <i>fibrosus,a,um</i> no latim científico (atestado em Vandelli) leva a crer que o termo foi decalcado ou emprestado do latim científico.A data de 1751 é informada pelo Dicionário Houaiss e indicada com a abreviatura MarqJFP, que não é incluída na lista de fontes, mas possivelmente se refere a João Feliciano Marques Pereira.",adjetivo,Bruno Maroneze
22,filamento,1788,"“<i>Filamentum</i>. <i>fig</i>. 150 <i>a</i>. 149. <i>c</i>. 143. <i>d</i>. He a parte, que sustenta, une a <i>anthera</i> (131), ou he o pè da <i>anthera</i>, pelo qual esta se une á planta; ás vezes faltaõ totalmente os <i>filamentos</i>, ou saõ taõ pequenos, que apenas apparecem, e entaõ contaõ-se as <i>antheras</i>.” (Extraído de: Diccionario dos termos technicos de Historia Natural, 1788, p. 263)<br>(1789): SAMPAYO, Francisco Antonio de. Historia dos reinos vegetal, animal, e mineral do Brasil, pertencentes á medicina. t. 1, 1782; t. 2, 1789. [informado pelo Dicionário Houaiss]",NA,"o étimo é provavelmente o latim <i>filamentum, i</i>, atestado na obra de Pompeio Festo, de acordo com o dicionário de Gaffiot (<i>s.v.</i> filamentum), com o sentido de “reunião de fios”. O emprego desse termo na Botânica é a acepção mais antiga que encontramos, o que sugere que essa pode ter sido a acepção a partir da qual as demais se derivaram; porém, Vandelli nem sempre marca esse termo em itálico, o que sugere que talvez já não fosse sentido como neológico pelo autor, e pode haver, portanto, emprego anterior ainda não encontrado. O Dicionário Houaiss sugere como étimo o francês <i>filament</i>, indicado como de 1904, mas esta é a data da acepção na Eletrônica, conforme informa o Trésor de la Langue Française; o sentido de “elemento orgânico animal ou vegetal de forma fina e alongada” é datado pelo Trésor como sendo de 1538, o que seria de fato coerente com a hipótese do étimo francês; porém, o emprego do latim <i>filamentum</i> em Vandelli sugere que, pelo menos para a acepção da Botânica, o étimo é, de fato, o termo latino.",substantivo masculino,Bruno Maroneze
23,flósculo,1783,"ANAIS da Biblioteca Nacional do Rio de Janeiro. [Rio de Janeiro], v. 96 p. 134d. [informado pelo Dicionário Houaiss]<br>(1788): “<i>Polygamia spuria,</i> quando as pequenas flores hermaphroditas estaõ no meio, ou no disco do receptaculo, e os flosculos femeas occupaõ a margem, ou circunferencia do receptaculo.” (Extraído de: Diccionario dos termos technicos de Historia Natural, 1788, p. 191)",flosculo (Vandelli),"O étimo, conforme aponta o Dicionário Houaiss, é o latim <i>flosculus, i</i>, diminutivo de <i>flos, oris</i> ""flor"". O termo latino <i>flosculus</i> é referenciado no índice do dicionário de Vandelli, mas não aparece descrito em sua nomenclatura.",substantivo masculino,Bruno Maroneze
24,foliáceo,1788,"“2.) <i>Alae.</i>  Azas se dizem os petalos das flores papilionaceas, entre o <i>Vexillo</i>, e a <i>Carina.</i><br>3.)</i> Ou saõ as extremidades delgadas, e membranaceas de alguma semente, como na do Freixo.<br>4.) Ou saõ aquellas membranas foliaceas, que descem pelo comprimento do caule.” (Extraído de: Diccionario dos termos technicos de Historia Natural, 1788, p. 196)<br>(1844): MINERVA BRASILIENSE: jornal de sciencias, lettras e artes, publicado por huma Associação de Litteratos. Rio de Janeiro: Typ. de J.E.S. Cabral, 1843-1845. [informado pelo Dicionário Houaiss]",foliacea (fem.) (Vandelli),"Conforme informa o Dicionário Houaiss, o étimo é o latim <i>foliaceus,a,um</i>, já empregado no latim científico do século XVIII (conforme atesta a obra de Vandelli) com o sentido de ""que tem o feitio de folha, foliáceo"".",adjetivo,Bruno Maroneze
25,frutificação,sXIV,"CUNHA, Antônio Geraldo da. Índice do vocabulário do português medieval. Rio de Janeiro: Fundação Casa de Rui Barbosa. v. 1. (A), 1986; v. 2 (B-C) 1988; v. 3 (D) 1994; suplemento (A-C) (Confluência Revista do Instituto de Língua Portuguesa e do Liceu Literário Português, n. 3, separata, Rio de Janeiro, 1992). [informado pelo Dicionário Houaiss]<br>(1788): “E por que os generos das Gramas saõ difficultosos, se accrescentou duas taboas com os riscos de todas as frutificaçõens dos ditos generos.” (Extraído de: Diccionario dos termos technicos de Historia Natural, 1788, p. V)<br>“<i>Scapus</i>. <i>fig</i>. 113. He hum tronco universal sucoso, que sustenta taõ sómente a fructificaçaõ.” (Extraído de: Diccionario dos termos technicos de Historia Natural, 1788, p. 197)<br>“_ <i>Fastigiatus</i>. Quando os ramos se levantaõ em feixe de tal forma, que ficaõ iguaes como se fossem cortados horizontalmente; e assim se chamaõ fastigiati flores, quando os peciolos elevaõ as fructificaçoens em hum feixe. &c.” (Extraído de: Diccionario dos termos technicos de Historia Natural, 1788, p. 206)<br>“88. <i>Pedunculus</i>. He hum tronco parcial, que levanta a frutificaçaõ, e naõ as folhas.” (Extraído de: Diccionario dos termos technicos de Historia Natural, 1788, p. 240)<br>“2. <i>Communis</i>. <i>fig</i>. 163. 164. 165. 167. Pedunculo, que sustenta muitas frutificações, que he commum a muitas flores.” (Extraído de: Diccionario dos termos technicos de Historia Natural, 1788, p. 241)",frutificaçaõ; fructificaçaõ; fructificaçoens (pl.) (Vandelli),"Conforme informa o Dicionário Houaiss, o étimo é o latim <i>fructificatio,onis</i>, com o sentido de ""ato de dar frutos"". A palavra já era empregada séculos antes da obra de Vandelli; aparentemente, o autor emprega essa palavra com o sentido de “conjunto de frutos”, ou talvez como um hiperônimo para tipos de fruto diversos. As formas variantes “frutificaçaõ”, “fructificaçaõ”, “fructificaçoens” (pl.) e “frutificações” (pl.) são todas empregadas na obra.",substantivo feminino,Bruno Maroneze
26,gema,sXV,"CUNHA, Antônio Geraldo da. Índice do vocabulário do português medieval. Rio de Janeiro: Fundação Casa de Rui Barbosa. v. 1. (A), 1986; v. 2 (B-C) 1988; v. 3 (D) 1994; suplemento (A-C) [informado pelo Dicionário Houaiss]<br>(1788): “<i>Cerastium viscosum, Senecio viscosus</i>. <i>Gemmae</i> os gomos, ou <i>gemas</i> das folhas principalmente das plantas rezinosas. <i>Populus nigra</i>.” (Extraído de: Diccionario dos termos technicos de Historia Natural, 1788, p. 238)<br>“_ <i>Perennis</i>. Perenne, a qual com a producçaõ de novas <i>gemmas</i>, ou gomos em cada anno produz nova herva.” (Extraído de: Diccionario dos termos technicos de Historia Natural, 1788, p. 194)",gemma (Vandelli),"O étimo é o latim <i>gemma,ae</i>; a acepção da Botânica (""broto da videira"") já é atestada no latim clássico (conforme informa o Oxford Latin Dictionary <i>s.v.</i> ""gemma"") e, portanto, ao contrário do que parece sugerir o Dicionário Houaiss, não deriva da acepção latina de ""pedra preciosa""; pelo contrário, é a acepção de ""pedra preciosa"" que provavelmente se derivou da de ""broto da videira"", como afirma o Dictionnaire Étymologique de la Langue Latine (<i>s.v</i>. ""gemma""). Assim, a acepção de ""gema do ovo"" pode ter surgido pelo fato de tanto a gema do ovo quanto a da planta terem a função de gerar um novo ser vivo (que é a explicação que dá Corominas, <i>s.v</i>. ""yema"").<br>O verbete <i>gemma</i> no dicionário de Vandelli é referido no índice alfabético ao final, como o verbete de número 166; no entanto, esse verbete não existe de fato (a numeração acaba no 164), o que leva à conclusão de que a obra foi impressa inacabada.<br>A datação informada pelo Dicionário Houaiss é possivelmente referente à acepção de ""gema do ovo"". A acepção da Botânica não foi encontrada em textos anteriores à obra de Vandelli, o que parece indicar que essa acepção “ressuscitou” a partir dos textos em latim científico do século XVIII. O glossário quinhentista de Jerônimo Cardoso emprega a glosa “olho, ou gomo da videira” para a palavra latina “gemma”, o que parece indicar que, de fato, essa acepção não era empregada no século XVI, e o termo equivalente na época seria “olho” ou “gomo”.",substantivo feminino,Bruno Maroneze
27,gomo,1548,"HOLANDA, Francisco de. Da pintura antigua. [1548]. Livro 1: Parte theorica. Livro 2: Dialogos de Roma. Edição completa d’esta celebre obra commentada por Joaquim de Vasconcellos. 2. ed. Porto: Renascença Portuguesa, 1930. [informado pelo Dicionário Houaiss]<br>(1788): “<i>Stoloniferus.</i> Diz-se daquelle caule, cujos ramos, que tem gomos, ou <i>gemas,</i> descendo até á terra lançaõ nella novas raizes, e destas nascem novas hastes. <i>Ajuga reptans, Viola odorata.</i>” (Extraído de: Diccionario dos termos technicos de Historia Natural, 1788, p. 201)",NA,"De acordo com o Dicionário Houaiss, o termo tem origem obscura. Vandelli o emprega sem recurso ao itálico, o que indica que não era sentido como um neologismo. Também não é claro se Vandelli o emprega na mesma acepção definida pelo Houaiss (“a parte compreendida entre dois nós de gramíneas”), visto que o termo “gomo” em Vandelli é apresentado como um sinônimo de <i>gema</i>.",substantivo masculino,Bruno Maroneze
28,hermafrodita,a1566,"STUDIA: revista semestral. Lisboa: Centro de Estudos Históricos Ultramarinos, n. 23. [informado pelo Dicionário Houaiss s.v. ""hermafrodito""]<br>(1649-1666): MELO, Francisco Manuel de. Apologos dialogaes. [1649-1666]. Reprodução fiel do texto da edição de 1721, anotados e precedidos de um esboço bio-bibliográfico do autor por Fernando Nery. Rio de Janeiro: [A.J. de Castilho], 1920. [informado pelo Dicionário Houaiss s.v. ""hermafrodita""]<br>(1788): “As Flores todas saõ hermaphroditas, e os estames com os pistillos estaõ na mesma flor.” (Extraído de: Diccionario dos termos technicos de Historia Natural, 1788, p. 189)<br>23. <i>POLYGAMIA</i>. Flores hermaphroditos, e machos, ou femeas na mesma planta. (Extraído de: Diccionario dos termos technicos de Historia Natural, 1788, p. 190)<br>3. <i>Frustranea</i>, quando os flosculos hermaphroditos do disco daõ sementes, e as femeas do raio, ou da margem por falta de <i>estigma</i> naõ daõ sementes. (Extraído de: Diccionario dos termos technicos de Historia Natural, 1788, p. 191)","hermaphrodita (Vandelli), hermaphrodito (Vandelli)","Conforme informa o Dicionário Houaiss, o étimo é o latim <i>hermaphroditus,a,um</i>, já atestado no latim clássico (cf. dicionário de Gaffiot) no sentido de ""andrógino, de ambos os sexos"", por sua vez derivado do grego <i>Hermaphróditos,ou</i> no sentido de ""Hermafrodito, filho de Hermes e Afrodite"".O Dicionário Houaiss indica que o emprego como adjetivo biforme (<i>hermafrodito</i> m, <i>hermafrodita</i> f) é anterior ao emprego como uniforme (<i>hermafrodita</i> m, f). Vandelli parece empregá-lo como biforme, a julgar pelas expressões “flores hermaphroditos” (com “flores” no masculino, possivelmente por influência do italiano) e “flosculos hermaphroditos”. Todas as ocorrências da forma <i>hermaphrodita</i> em Vandelli são com substantivos femininos.",adjetivo,Bruno Maroneze
29,jardim botânico,1718: “Jardim Real Botanico”,"“O Duque Regente naõ querendo encarregar-se da nomeaçaõ de outro, deyxou a eleyçaõ ao Duque de Maine, & Marechal de Ville-Roy, & Duqueza de Ventadour, os quaes nomearaõ a Mons. Dodart, que foy Medico do Duque de Borgonha, & dos Principes seus filhos, & agora o era da Princeza viuva de Conti; & como este emprego tem de renda 54U. libras, reservou S. A. Real para o seu Medico Mons. Chivax a direcçaõ do Jardim Real Botanico, ou das plantas medicinaes exquisitas, que rende seis mil florins. (Extraído de: Gazeta de Lisboa Occidental, n. 19, maio de 1718, p. 151. Disponível em: http://hemerotecadigital.cm-lisboa.pt/Periodicos/GazetadeLisboa/1718/Maio/Maio_item1/P15.html)<br>(1735): “<i>A morte dos enemigos de</i> Arcagathus<i>, a inefficacia dos</i> encantos magicos<i>, as honras que havia feito á Faculdade</i> Attalus<i>, o ultimo Rey de</i> Pergamus<i>, o qual fez a o</i> Povo Romano <i>seu herdeiro, e foy tam grande promotor da Sciencia Medica, que chegou a cultivar hum</i> jardim botanico <i>em seu proprio palacio, para fazer experiencias nos condenados por criminozos, para beneficio do resto de seus Vassalos</i> (Extraído de: Jacob de Castro Sarmento, Materia Medica Physico-Historico-Mechanica, Reyno Mineral, 1735, p. xi. Disponível em: https://books.google.pt/books?id=B1fi4PvVN8wC)<br>(1788): “O primeiro conhecimento adquire-se com o estudo da botanica, o segundo com experiencias e reflexões fisicas, o terceiro, e quarto com hum jardim botanico, no qual he necessario cultivar os vegetaes de todos os climas, e terrenos.” (Extraído de: Diccionario dos termos technicos de Historia Natural, 1788, p. 294)",NA,"O Dicionário Houaiss data essa expressão do ano de 1852, mas não informa a fonte. A expressão é bem mais antiga, como mostra o contexto de 1735. Em 1718, a expressão que aparece é “Jardim Real Botanico”, com o elemento “Real” intercalado, o que revela que a expressão ainda estava em vias de se consolidar na forma que tem nos dias atuais.<br>É possível que essa expressão seja um decalque de uma expressão semelhante de outra língua europeia. O francês <i>jardin botanique</i> já aparece em 1673 (“Recherche des Antiquités et Curiosités de la ville de Lyon”, disponível em https://books.google.pt/books?id=btFTAAAAcAAJ), ainda que a data indicada pelo Trésor de la Langue Française seja 1732. O latim <i>hortus botanicus</i> é ainda mais antigo, aparecendo na obra “Critica Sacra”, de Edward Legh, 1639 (disponível em https://books.google.pt/books?id=0IRmAAAAcAAJ). Dessa forma, é razoável supor que a expressão portuguesa tenha sido uma tradução de uma expressão equivalente em outra língua.",substantivo masculino,Bruno Maroneze
30,lacínia,1783,"“Lacin-ia, ete; <i>L.: orla, banda</i>.” (Extraído de: BACELLAR, Bernardo de Lima e Mello. Diccionario da lingua portugueza. Lisboa: Aquino Bulhoens, 1783. Disponível em: https://books.google.pt/books?id=55ICAAAAQAAJ).<br>(1788): “<i>Bisidum. fig. 16.</i> He a folha superiormente dividida em duas partes, ou lacinias, ficando as margens interiores rectas.” (Extraído de: Diccionario dos termos technicos de Historia Natural, 1788, p. 217)","lacinia (Bacellar, Vandelli)","Conforme informa o Dicionário Houaiss, o étimo é o latim </i>lacinia,ae</i>, que no latim da Antiguidade significava ""borda, extremidade, orla"". Foi empregada na acepção da Botânica no latim científico do século XVIII, conforme atesta a própria obra de Vandelli.",substantivo feminino,Bruno Maroneze
31,longitudinal,1788,"“<i>Orbiculatum. fig. 1.</i> Tendo o diametro longitudinal igual ao transversal, formando deste modo huma figura circular. <i>Geranium sanguineum.</i>” (Extraído de: Diccionario dos termos technicos de Historia Natural, 1788, p. 213)<br>“— <i>Striatum.</i> Sendo as linhas da folha longitudinaes, e algum tanto profundas, e parallelas. <i>Aloe retusa.</i>” (Extraído de: Diccionario dos termos technicos de Historia Natural, 1788, p. 223)<br>(1858): SILVA, Antonio de Morais. Diccionario da lingua portugueza: composto pelo padre d. Rafael Bluteau, reformado, e accrescentado por Antonio de Moraes Silva. Lisboa: Off. S.T. Ferreira, 6. ed.,1858. [informado pelo Dicionário Houaiss]",longitudinaes (pl.) (Vandelli),"O Dicionário Houaiss afirma que a palavra formou-se por derivação sufixal a partir do radical latino <i>longitudine</i>, juntamente com o sufixo <i>-al</i>; no entanto, o adjetivo latino <i>longitudinalis</i> já é atestado no século XIII, segundo o Trésor de la Langue Française (<i>s.v.</i> ""longitudinal""), e o francês <i>longitudinal</i> é atestado no século XIV (segundo o mesmo dicionário); assim, é mais razoável considerar que a palavra é um empréstimo do latim medieval ou do francês, não tendo sido formado em português.",adjetivo,Bruno Maroneze
32,medular,1788,"“<i>Inanis</i>. Sem nenhuma substancia medullar no meio, ou com huma substancia medullar muito porosa, e chêa de cavidades.” (Extraído de: Diccionario dos termos technicos de Historia Natural, 1788, p. 198)<br>(1789): “MEDULLAR, adj. da natureza da medulla <i>v. g.,, a sustancia medullar</i>.” (Extraído de: SILVA, Antonio de Morais. Diccionario da lingua portugueza: composto pelo padre d. Rafael Bluteau, reformado, e accrescentado por Antonio de Moraes Silva. Lisboa: Off. S.T. Ferreira, 1789. 2 v)",medullar (Vandelli),"O Dicionário Houaiss afirma que se trata de uma derivação sufixal a partir de <i>medula</i> com o acréscimo do sufixo <i>-ar</i>, e também remete ao adjetivo latino <i>medullaris,e</i>, que significa ""que penetra a medula dos ossos"". Como já se encontra o mesmo adjetivo no latim científico do século XVIII com o sentido de ""relativo à medula"" (como na obra “De Atonia Nervorum”, de Johann Christoph von Steinen, 1749, disponível em https://books.google.pt/books?id=Ubav7mRfZ\_cC), é razoável supor que o termo entrou na língua portuguesa como um empréstimo, e não como um derivado sufixal.",adjetivo,Bruno Maroneze
33,membranáceo,1788,"“<i>Scariosum</i>. As escamas na sua margem saõ membranaceas, seccas, e sonoras.” (Extraído de: Diccionario dos termos technicos de Historia Natural, 1788, p. 252)<br>(1873): “MEMBRANACEO, A, <i>adj</i>. Termo de Historia Natural. Que tem membrana.” (Extraído de: VIEIRA, Domingos. Grande diccionario portuguez ou Thesouro da lingua portugueza. Porto: E. Chardron e B.H. de Moraes; Rio de Janeiro: A.A. da Cruz Coutinho; Pará: A.R. Quelhas, 1871-1874)",membranaceas (fem. pl.) (Vandelli),"Conforme informa o Dicionário Houaiss, o étimo é o latim <i>membranaceus,a,um</i>, que significa ""feito de uma membrana, formado de uma membrana; liso como uma membrana"", já empregado no latim científico, conforme atesta a obra de Vandelli. O sinônimo “membranoso” também ocorre em Vandelli, na parte reservada à Zoologia.",adjetivo,Bruno Maroneze
34,oblongo,1757,"BIDERMAN, Maria Tereza Camargo; MURAKAWA, Clotilde de Almeida Azevedo (Coord.). Dicionário histórico do português do Brasil: séculos XVI, XVII e XVIII. Araraquara: Unesp, Laboratório de Lexicografia. 19 v. [informado pelo Dicionário Houaiss]<br>(1788): “<i>\_ Panduriforme.</i> He huma folha oblonga (39); mais larga superiormente, com o apice, e a base elevada; o apice alguma cousa connivente, e inferiormente mais larga, e nos lados apertada.” (Extraído de: Diccionario dos termos technicos de Historia Natural, 1788, p. 217)",NA,"O étimo é o latim <i>oblongus,a,um</i>, com o mesmo sentido, já empregado na Botânica no século XVIII, como atesta o próprio dicionário de Vandelli (por exemplo, à p. 214). Entrou na língua portuguesa como um empréstimo, provavelmente do latim científico. A atestação mais antiga informada pelo Dicionário Houaiss é possivelmente para outra acepção.",adjetivo,Bruno Maroneze
35,papilionáceo,1788,"“2.) <i>Alae.</i> Azas se dizem os petalos das flores papilionaceas, entre o <i>Vexillo,</i> e a <i>Carina.</i>” (Extraído de: Diccionario dos termos technicos de Historia Natural, 1788, p. 196)<br>(1788): “<i>— Papillionacea</i>. À semelhança quasi de borboleta: esta <i>corolla</i> consta de quatro <i>petalos</i> irregulares, ou desiguaes. <i>Pisum</i>. <i>Lathyrus</i>.” (Extraído de: Diccionario dos termos technicos de Historia Natural, 1788, p. 260)(1789): “PAPILIONACEO, adj. da Botan. <i>v. g. „flor —</i>, que tem feição de borboleta.” (Extraído de: SILVA, Antonio de Morais. Diccionario da lingua portugueza: composto pelo padre d. Rafael Bluteau, reformado, e accrescentado por Antonio de Moraes Silva. Lisboa: Off. S.T. Ferreira, 1789)</i>","papilionaceas (fem. pl.) (Vandelli), papilionaceo (Moraes Silva)","O étimo é o latim científico <i>papilionaceus,a,um</i> (também grafado <i>papillionaceus</i> com dois LL), atestado na própria obra de Vandelli, derivado do latim clássico <i>papilio,onis</i>, que significa “borboleta”. O Dicionário Houaiss informa que o adjetivo <i>papilionáceo</i> deriva do substantivo feminino <i>papilionácea</i>, “com troca de sufixo”; porém, a datação informada para o substantivo é 1899, enquanto a datação do adjetivo é 1788 (Vandelli) e 1789 (Moraes Silva). Dessa forma, os dados não corroboram essa descrição do Dicionário Houaiss.",adjetivo,Bruno Maroneze
36,parasítico,1788,"“Quando está pois pegada á outra planta, e naõ á terra, então chama-se a <i>planta parasitica</i> como <i>Epidendrum</i>, <i>Viscum</i>.” (Extraído de: Diccionario dos termos technicos de Historia Natural, 1788, p. 193)<br>(1789): “PARASITICO adj. de parasito. § <i>Planta parasitica</i>, a que se cria no tronco de outra, e se nutre de sua sustancia.” (SILVA, Antonio de Morais. Diccionario da lingua portugueza: composto pelo padre d. Rafael Bluteau, reformado, e accrescentado por Antonio de Moraes Silva. Lisboa: Off. S.T. Ferreira, 1789. 2 v)</i>",parasitica (fem.) (Vandelli),"O Dicionário Houaiss propõe que o termo é uma derivação sufixal (<i>parasita</i> + <i>-ico</i>). Como o dicionário de Vandelli não registra uma forma latina equivalente, não há evidência de que tenha sido um decalque do latim científico.Tanto Vandelli quanto Moraes Silva registram a expressão <i>planta parasitica</i>, o que leva a crer que o adjetivo pode ter tido o seu primeiro emprego como parte dessa expressão, e apenas depois tem seu emprego estendido para outros tipos de parasitas.",adjetivo,Bruno Maroneze
37,pecíolo,1788,"“<i>Petiolus.</i> Pésinho, ou  <i>peciolo</i> he huma especie de tronco, que une, e eleva a folha, e naõ a fructificaçaõ.” (Extraído de: Diccionario dos termos technicos de Historia Natural, 1788, p. 232)<br>(1797): BIDERMAN, Maria Tereza Camargo; MURAKAWA, Clotilde de Almeida Azevedo (Coord.). Dicionário histórico do português do Brasil: séculos XVI, XVII e XVIII. Araraquara: Unesp, Laboratório de Lexicografia. 19 v. (No prelo.) [informado pelo Dicionário Houaiss]",peciolo (Vandelli),"Conforme informa o Dicionário Houaiss, o étimo é o latim <i>petiolus,i</i>, que desde a Antiguidade tem o sentido de ""pé pequeno; pé dos frutos, pecíolo"". No entanto, a forma da palavra indica que não se trata de palavra herdada, mas de um empréstimo do latim científico. Vandelli emprega tanto a forma adaptada <i>peciolo</i> quanto a forma traduzida <i>pésinho</i> (também grafada <i>pesinho</i> ou <i>pezinho</i>) para traduzir o termo latino <i>petiolus</i>, conforme se observa no trecho transcrito. A forma <i>pezinho</i> também é empregada pelo autor para traduzir o termo <i>pedunculus</i>.",substantivo masculino,Bruno Maroneze
38,pedúnculo,1788,"“88. <i>Pedunculus.</i> He hum tronco parcial, que levanta a frutificaçaõ, e naõ as folhas.<br>I.<i>Partialis, Sive pedicellus. fig.</i> 132. 149. 145. Que sustenta quasi sempre huma só frutificação. <i>fig.</i> 135. <i>b.</i> ou que sahe de outro <i>pedunculo</i> comum.” (Extraído de: Diccionario dos termos technicos de Historia Natural, 1788, p. 240)<br>(1789): “PEDUNCULO, s. m. da Botan. o pésinho que une certas folhas aos ramos, e assim varias frutas.” (Extraído de: SILVA, Antonio de Morais. Diccionario da lingua portugueza: composto pelo padre d. Rafael Bluteau, reformado, e accrescentado por Antonio de Moraes Silva. Lisboa: Off. S.T. Ferreira, 1789. 2 v)",NA,"Conforme explica o Dicionário Houaiss, o étimo é o latim <i>pedunculus,i</i>, diminutivo de <i>pes,pedis</i> (que significa ""pé""). O dicionário de Gaffiot informa que <i>pedunculus</i> ou <i>pediculus</i> já na Antiguidade era empregado com o sentido de ""pedúnculo, haste de uma folha"", mas o étimo do termo português é, evidentemente, o latim científico, visto que a palavra não é herdada. Vandelli distingue (embora nem sempre com muita clareza) os conceitos de <i>pedúnculo</i> (haste da frutificação), <i>pecíolo</i> (haste da folha) e <i>pedicelo</i> (ramo de um pedúnculo). Já a definição de Morais Silva não é tão clara, aparentemente confundindo os conceitos.",substantivo masculino,Bruno Maroneze
39,perene,1583,"BIDERMAN, Maria Tereza Camargo; MURAKAWA, Clotilde de Almeida Azevedo (Coord.). Dicionário histórico do português do Brasil: séculos XVI, XVII e XVIII. Araraquara: Unesp, Laboratório de Lexicografia. 19 v. (No prelo.) [informado pelo Dicionário Houaiss]<br>“<i>Perennis.</i> Perenne, a qual com a producçaõ de novas <i>gemmas,</i> ou gomos em cada anno produz nova herva. <i>Glechoma bederacea</i>, <i>Viola odorata</i>” (Extraído de: Diccionario dos termos technicos de Historia Natural, 1788, p. 194)",perenne (Vandelli),"Conforme informa o Dicionário Houaiss, o étimo é o latim <i>perennis,e</i>, com o sentido de ""que dura, sólido, durável, duradouro"". A forma da palavra não permite identificar se é uma palavra herdada ou um empréstimo erudito. A datação informada pelo Dicionário Houaiss é possivelmente para outras acepções fora do âmbito da Botânica.",adjetivo,Bruno Maroneze
40,piloso,1788,"“<i>Nudum.</i> Sendo a folha destituida de excrescencias pilosas, verrucosas &c. <i>Daphne cneorum, Mentha vulgaris</i>.” (Extraído de: Diccionario dos termos technicos de Historia Natural, 1788, p. 222)<br>(1823): “PLÒSO, adj. Cabelludo, abundante de pello.” (Extraído de: SILVA, Antonio de Morais. Diccionario da lingua portugueza: composto pelo padre d. Rafael Bluteau, reformado, e accrescentado por Antonio de Moraes Silva. Lisboa: Off. S.T. Ferreira, 3. ed., 1823.)",NA,"O étimo é o latim científico <i>pilosus,a,um</i>, com o mesmo sentido, conforme atesta o próprio dicionário de Vandelli. A palavra latina já era usada na Antiguidade com o sentido de “peludo, coberto de pelos” (conforme se lê no dicionário de Gaffiot), mas o termo português é claramente um empréstimo do latim científico, e não uma palavra herdada.",adjetivo,Bruno Maroneze
41,pimpolho,1188-1230,"MACHADO, José Pedro. Dicionário etimológico da língua portuguesa. 1. ed. Lisboa: [Horizonte]: 1952-1959. 2 v.; 2. ed. Lisboa: Confluência, 1967-1973. 3 v.; 3. ed., 1977. 5 v. [informado pelo Dicionário Houaiss]<br>(1788): “<i>Stolones</i>. Pimpolhos, que nascem do pé do caule, ou da raiz, que arrancados se plantaõ. <i>Cornus, Sorbus, Ficus</i>.” (Extraído de: Diccionario dos termos technicos de Historia Natural, 1788, p. 201)",NA,"O Dicionário Houaiss afirma que a palavra é resultado da composição da raiz <i>pino</i> (derivado do latim <i>pinus</i> no sentido de ""pinho"") com a raiz <i>pollo</i> (derivado do latim <i>pullus,i</i> no sentido de ""vegetal ou animal jovem""). Vandelli não emprega itálico, indicando que de fato não era sentido como neológico. No entanto, ao contrário do que afirma o Dicionário Houaiss, Vandelli emprega o termo para se referir a qualquer broto, não apenas o da videira.A acepção contemporânea de “criança” é provavelmente posterior à obra de Vandelli, como afirma o próprio Dicionário Houaiss.",substantivo masculino,Bruno Maroneze
42,pistilo,1782,"CUNHA, Antônio Geraldo da. Dicionário etimológico Nova Fronteira da língua portuguesa. Rio de Janeiro, 1982. 2. ed., 1986. [informado pelo Dicionário Houaiss]<br>(1788): “1. As ordens <i>Polygamia æqualis</i> consta de muitas flores pequenas com estames, e pistillos.” (Extraído de: Diccionario dos termos technicos de Historia Natural, 1788, p. 191)<br>“133. <i>Pistillum</i>. <i>fig</i>. 143. 149. <i>d</i>. 150. <i>a</i>. 152. He huma parte da flor posta o meio, pela qual entra o <i>pollen</i>, ou a aura seminal no <i>germe</i>, ou ovario para a fecundaçaõ; està cercado dos <i>filamentos</i>, e está posto geralmente entre as <i>antheras</i>, e consta de <i>germe</i>, <i>stilo</i> e <i>estigma</i>.Os pistilos saõ differentes.” (Extraído de: Diccionario dos termos technicos de Historia Natural, 1788, p. 267-8)",pistillo (Vandelli),"O Dicionário Houaiss informa que a palavra derivaria do “lat. <i>pistillum</i> ou <i>pistillus,i</i> no sentido de ‘mão de pilão’”; no entanto, é pouco provável que seja uma palavra herdada, visto que a datação é tardia. Assim, não se pode falar que o sentido latino de “mão de pilão” tenha se transformado no sentido de “parte da flor” em português. O emprego da forma latina <i>pistillum</i> no latim científico (como atesta o dicionário de Vandelli) deixa claro que o étimo da forma portuguesa é o latim científico, já no sentido corrente de “parte da flor”, e a alteração de sentido se deve a um emprego metafórico já ocorrido no latim científico.",substantivo masculino,Bruno Maroneze
43,receptáculo,1597,"COUTO, Diogo do. Cinco livros da decada doze da historia da India... 4-5, 1597; 6, 1599; 7, 1603; 8-9, 1600; 10, 1614; 11-12, 1645. [Informado pelo Dicionário Houaiss]<br>(1788): “155. <i>Receptaculum</i>. He o leito, ou placenta, ou base, em que estaõ pegadas as partes da frutificaçaõ (104). O <i>receptaculo</i> cêrca internamente as paredes do <i>caliz</i> na classe <i>Icosandria</i>, e em algumas outras plantas; e assim a <i>corolla</i>, e os <i>filamentos</i> estaõ pegados ao <i>caliz</i>.” (Extraído de: Diccionario dos termos technicos de Historia Natural, 1788, p. 281)",receptaculo (Vandelli),"O étimo é o latim <i>receptaculum,i</i>, que já no século XVIII era empregado com a acepção da Botânica. A data informada pelo Dicionário Houaiss é provavelmente para outra acepção. A data de 1788 para essa acepção é possivelmente a obra de Brotero. Consultas a especialistas são necessárias para verificar quais são de fato as diferenças entre as três acepções da Botânica e se de fato ocorre essa polissemia.",substantivo masculino,Bruno Maroneze
44,repente,1788,"“12.\_ <i>b.) Sarmentosus. fig.</i> 131. He hum caule quasi nú, <i>repente</i>, sem raizes lateraes, ou caule delgado, e de igual grossura, com nós, que lançaõ raizes. <i>Vitis vinifera. Clematis vitalba.</i> \_ <i>Radicans. fig.</i> 112. Lançando dos ramos varias raizes, com as quaes se eleva a grande altura. <i>Hedera helix.</i> \_ <i>Repens.</i> Caule, que lança varias raizes extendendo-se horizontalmente sobre a terra. <i>Potentilla anserina. Lysimachia nummularia.</i>” (Extraído de: Diccionario dos termos technicos de Historia Natural, 1788, p. 201)",NA,"Conforme informa o Dicionário Houaiss, o étimo é o latim <i>repens,entis</i>, particípio presente do verbo <i>repere</i>, que significa “arrastar-se”. Esse adjetivo já era empregado no latim científico, conforme atesta o próprio dicionário de Vandelli. O Dicionário Houaiss registra esse verbete como o homônimo 2 e não traz datação.",adjetivo,Bruno Maroneze
45,romboidal,1788,"“<i>Deltoideum, fig. 58.</i> Por alguma semelhança; que tem com a letra grega Delta. A folha he romboidal, e os dous angulos lateraes menos se afastaõ da base da folha. <i>Populus nigra.</i>” (Extraído de: Diccionario dos termos technicos de Historia Natural, 1788, p. 216)<br>(1801): TELLES, Vicente Coelho de Seabra Silva. Nomenclatura chimica portugueza, franceza, e latina á que se ajunta o systema de characteres chimicos adaptados a esta nomenclatura por Haffenfratz, e Adet. Lisboa: Typ. Chalcographica Typoplastica e Litteraria do Arco do Cego, 1801. [informado pelo Dicionário Houaiss]",NA,"O Dicionário Houaiss afirma se tratar de uma derivação sufixal a partir do substantivo <i>romboide</i>, com o acréscimo do sufixo <i>-al</i>. O Trésor de la Langue Française afirma que o francês <i>rhomboïdal</i> é atestado desde 1671, forma essa que pode ter influenciado a forma portuguesa.",adjetivo,Bruno Maroneze
46,sexual,1788,"“As classes das plantas no sistema sexual de Linneo” (Extraído de: Diccionario dos termos technicos de Historia Natural, 1788, p. 189)<br>(1789): “SEXUAL, adj. que respeita ao sexo <i>v. g.</i> ,, <i>differença</i> — § <i>system</i> —, o dos Botanicos, que attribuem ás plantas diversidade de sexo.” (Extraído de: MORAES SILVA, Antônio de. Diccionario da Lingua Portugueza…. Lisboa: na officina de Simão Thaddeo Ferreira. 1789, <i>s.v.</i> ""sexual"").",NA,"O étimo é o latim científico <i>sexualis, -e</i>, adjetivo já empregado no contexto da Botânica, conforme atesta, por exemplo, o título da obra “Examen epicriseos in Systema Plantarum sexuale Cl. Linnaei”, de Siegesbeck, publicado em 1737 (disponível em https://books.google.pt/books?id=8h0OhDnDIvcC). O Dicionário Houaiss informa que esse mesmo adjetivo já era empregado em latim tardio com o sentido de ""do sexo feminino, feminil, de mulher""; no entanto, esse emprego provavelmente desapareceu e ressurgiu no latim científico, de onde passou ao português.",adjetivo,Bruno Maroneze
47,síliqua,1735,"COELHO, Manoel Rodrigues. Pharmacopea Tubalense, chimico-galenica. Lisboa, 1735. [informado pelo Dicionário Houaiss]<br>“<i>Siliculosa.</i> Com pequenas siliquas.” (Extraído de: Diccionario dos termos technicos de Historia Natural, 1788, p. 191)(1788): “140. <i>b</i>.) <i>Siliqua fig</i>. 155. He hum <i>pericarpio</i> de duas <i>valvas</i>, concavo, cujas sementes, estaõ pegadas ao comprimento de ambas as suturas, ou unioens das duas <i>valvas</i>. Diz-se <i>siliqua</i> quando o comprimento excede muito á largura.” (Extraído de: Diccionario dos termos technicos de Historia Natural, 1788, p. 274)",siliqua (Vandelli),"O étimo é o latim <i>siliqua,ae</i> ""vagem"", empregado desde a Antiguidade (como atesta o dicionário de Gaffiot), mas que no latim científico adquire uma acepção mais precisa no âmbito da Botânica e, assim, passa ao português.",substantivo feminino,Bruno Maroneze
48,sucoso,1663,"VASCONCELLOS, Simão de. Chronica da Companhia de Jesu do Estado do Brasil e do que obrarão seus filhos nesta parte do Novo Mundo: ... e alguãs noticias antecedentes curiosas, & necessarias das cousas daquelle Estado. Lisboa: Off. de Henrique Valente de Oliveira, 1663. [informado pelo Dicionário Houaiss]<br>(1788): “<i>Scapus. fig. 113.</i> He hum tronco universal sucoso, que sustenta taõ sómente a fructificaçaõ.” (Extraído de: Diccionario dos termos technicos de Historia Natural, 1788, p. 197)(1788): “<i>Bulbosa</i>. O Bulbo, quando a raiz he mais grossa, que o tronco. <i>fig</i>. 125; e a raiz bulbosa he de huma substancia mais molle, succosa; ou esta he <i>tunicata</i>.” (Extraído de: Diccionario dos termos technicos de Historia Natural, 1788, p. 196)",succosa (fem.) (Vandelli),"O Dicionário Houaiss informa que o étimo é o latim <i>sucosus,a,um</i>, significando ""que contém suco"". A ausência da transformação do <i>c</i> intervocálico para <i>g</i> revela que a palavra não é herdada. A não-ocorrência da forma latina na obra de Vandelli pode indicar que o termo não entrou na língua portuguesa pelo latim científico e pode ter sido criado por derivação sufixal, e não por empréstimo.Ambas as grafias <i>sucoso</i> e <i>succoso</i> ocorrem na obra de Vandelli.",adjetivo,Bruno Maroneze
49,túnica,959,"MACHADO, José Pedro. Dicionário etimológico da língua portuguesa. 1. ed. Lisboa: [Horizonte]: 1952-1959. 2 v.; 2. ed. Lisboa: Confluência, 1967-1973. 3 v.; 3. ed., 1977. 5 v. [informado pelo Dicionário Houaiss]<br>(1788): “<i>\_ Tunicata.</i> Quando a raiz está envolvida em membrana. <i>Allium sativum.</i> \_ <i>Nuda.</i> Destituida de tunica.” (Extraído de: Diccionario dos termos technicos de Historia Natural, 1788, p. 196)“<i>Rostellum</i>. He a parte fimples do <i>corculo</i> descendente, ou a base da <i>plumula</i>, que, forma a raiz, formando a <i>plumula</i> o tronco, ou <i>caule</i>.O ser, ou essencia da semente. Consiste no <i>corculo</i>, o qual está pegado ao <i>cotyledon</i>, e he cuberto pelo mesmo, e depois he todo cuberto com huma membrana, ou tunica.” (Extraído de: Diccionario dos termos technicos de Historia Natural, 1788, p. 278)</i>",tunica (Vandelli),"Conforme informa o Dicionário Houaiss, o étimo é o latim <i>tunica,ae</i>, que já na Antiguidade significava ""vestimenta inferior usada pelos romanos de ambos os sexos"". A acepção da Botânica ocorre também no latim científico (como se observa, por exemplo, na obra “De radicum in plantis ortu et directione”, de Gottlob Bose, 1754, p. 7, disponível em https://books.google.pt/books?id=VK1JAAAAcAAJ).",substantivo feminino,Bruno Maroneze
50,vilo,1788,"“<i>Villus.</i> Villo he huma excrescencia pillosa, porém muito mais tenra.” (Extraído de: Diccionario dos termos technicos de Historia Natural, 1788, p. 237)",villo (Vandelli),"O étimo é o latim científico <i>villus,i</i>, empregado no século XVIII com o mesmo sentido, como mostra o próprio dicionário de Vandelli. Segundo o dicionário de Gaffiot, no latim da Antiguidade essa palavra designava pelos de animais, mas também poderia se referir ao musgo.Esse termo não é registrado no Dicionário Houaiss nem nos dicionários Aulete ou Michaelis. É possivelmente um termo que desapareceu da língua portuguesa.",substantivo masculino,Bruno Maroneze
51,verrucoso,1788,"“<i>Nudum</i>. Sendo a folha destituida de excrescencias pilosas, verrucosas &c. <i>Daphne cneorum, Mentha vulgaris</i>.” (Extraído de: Diccionario dos termos technicos de Historia Natural, 1788, p. 222)",NA,"O étimo é o latim <i>verrucosus,a,um</i>, que significa “que tem verrugas”, atestado desde a Antiguidade (conforme atesta o Oxford Latin Dictionary). O sentido de “semelhante a uma verruga”, que é o encontrado em Vandelli (1788), é possivelmente do latim científico.",adjetivo,Bruno Maroneze
52,resina,1223-1279,"MACHADO, José Pedro. Dicionário etimológico da língua portuguesa. 1. ed. Lisboa: [Horizonte]: 1952-1959. 2 v.; 2. ed. Lisboa: Confluência, 1967-1973. 3 v.; 3. ed., 1977. 5 v. [informado pelo Dicionário Houaiss]<br>“Resina. A rezina he dissoluvel no espirito de vinho, arde no fogo. <i>Therebinthina</i>.” (Extraído de: Diccionario dos termos technicos de Historia Natural, 1788, p. 239)",rezina (Vandelli),"O étimo é a forma latina <i>resīna,ae</i> (com o mesmo sentido), atestada desde a Antiguidade, segundo o Oxford Latin Dictionary. A julgar pela permanência do -n- intervocálico na forma portuguesa, a palavra deve ser considerada erudita (ainda que atestada desde a Idade Média, segundo o dicionário Houaiss), ou, talvez, uma reconstituição erudita posterior (visto que o mesmo dicionário informa que a forma medieval é <i>resia</i>).",substantivo feminino,Bruno Maroneze
53,resinoso,1783,"[informado pelo dicionário Houaiss]<br>“<i>Cerastium viscosum, Senecio viscosus</i>. <i>Gemmae</i> os gomos, ou <i>gemas</i> das folhas principalmente das plantas rezinosas. <i>Populus nigra</i>.” (Extraído de: Diccionario dos termos technicos de Historia Natural, 1788, p. 239)",rezinosas (fem. pl.) (Vandelli),"O Dicionário Houaiss informa que o termo é formado por derivação sufixal a partir do substantivo <i>resina</i>. No entanto, a forma latina <i>resinosus, a, um</i> (com o sentido de “cheio de resina”) já é atestada na Antiguidade, como informa o Oxford Latin Dictionary. Dessa forma, é possível supor que o étimo seja a forma latina.",adjetivo,Bruno Maroneze